Academic Yr,Semester Year Letter Cd Concat,Semester Nm,Degree Level Desc,Major Short Nm,Ucb Level2 Ethnic Rollup Desc,Short Ethnic Desc,Gender Desc,Student Headcount,Prorated Degrees Awarded Cnt,College/School,Division,Department,Major
2014-15,2014 C,Summer,Bachelor,L&S Computer Science,African American,African American/Black,Male,1,1,Clg of Letters & Science,L&S Administered Programs,L&S Computer Science,L&S Computer Science
2014-15,2014 C,Summer,Bachelor,L&S Computer Science,Asian,Chinese,Female,1,1,Clg of Letters & Science,L&S Administered Programs,L&S Computer Science,L&S Computer Science
2014-15,2014 C,Summer,Bachelor,L&S Computer Science,Asian,Chinese,Male,2,2,Clg of Letters & Science,L&S Administered Programs,L&S Computer Science,L&S Computer Science
2014-15,2014 C,Summer,Bachelor,L&S Computer Science,Asian,Korean,Male,4,4,Clg of Letters & Science,L&S Administered Programs,L&S Computer Science,L&S Computer Science
2014-15,2014 C,Summer,Bachelor,L&S Computer Science,Asian,South Asian,Male,2,2,Clg of Letters & Science,L&S Administered Programs,L&S Computer Science,L&S Computer Science
2014-15,2014 C,Summer,Bachelor,L&S Computer Science,International,International,Female,3,2,Clg of Letters & Science,L&S Administered Programs,L&S Computer Science,L&S Computer Science
2014-15,2014 C,Summer,Bachelor,L&S Computer Science,International,International,Male,2,0.833333333333333,Clg of Letters & Science,L&S Administered Programs,L&S Computer Science,L&S Computer Science
2014-15,2014 C,Summer,Bachelor,L&S Computer Science,White,White,Male,2,0.833333333333333,Clg of Letters & Science,L&S Administered Programs,L&S Computer Science,L&S Computer Science
2014-15,2014 D,Fall,Bachelor,L&S Computer Science,Asian,Chinese,Female,5,4,Clg of Letters & Science,L&S Administered Programs,L&S Computer Science,L&S Computer Science
2014-15,2014 D,Fall,Bachelor,L&S Computer Science,Asian,Chinese,Male,17,15.5,Clg of Letters & Science,L&S Administered Programs,L&S Computer Science,L&S Computer Science
2014-15,2014 D,Fall,Bachelor,L&S Computer Science,Asian,Filipino,Female,1,1,Clg of Letters & Science,L&S Administered Programs,L&S Computer Science,L&S Computer Science
2014-15,2014 D,Fall,Bachelor,L&S Computer Science,Asian,Filipino,Male,3,3,Clg of Letters & Science,L&S Administered Programs,L&S Computer Science,L&S Computer Science
2014-15,2014 D,Fall,Bachelor,L&S Computer Science,Asian,Japanese,Male,1,1,Clg of Letters & Science,L&S Administered Programs,L&S Computer Science,L&S Computer Science
2014-15,2014 D,Fall,Bachelor,L&S Computer Science,Asian,Korean,Female,1,1,Clg of Letters & Science,L&S Administered Programs,L&S Computer Science,L&S Computer Science
2014-15,2014 D,Fall,Bachelor,L&S Computer Science,Asian,Korean,Male,4,3.5,Clg of Letters & Science,L&S Administered Programs,L&S Computer Science,L&S Computer Science
2014-15,2014 D,Fall,Bachelor,L&S Computer Science,Asian,South Asian,Male,4,4,Clg of Letters & Science,L&S Administered Programs,L&S Computer Science,L&S Computer Science
2014-15,2014 D,Fall,Bachelor,L&S Computer Science,Asian,Vietnamese,Male,3,2.5,Clg of Letters & Science,L&S Administered Programs,L&S Computer Science,L&S Computer Science
2014-15,2014 D,Fall,Bachelor,L&S Computer Science,Chicano/Latino,Mexican American/Chicano,Male,4,3.5,Clg of Letters & Science,L&S Administered Programs,L&S Computer Science,L&S Computer Science
2014-15,2014 D,Fall,Bachelor,L&S Computer Science,Chicano/Latino,Other Hispanic/Latino,Male,1,1,Clg of Letters & Science,L&S Administered Programs,L&S Computer Science,L&S Computer Science
2014-15,2014 D,Fall,Bachelor,L&S Computer Science,Decline to State,Decline to State,Male,3,2,Clg of Letters & Science,L&S Administered Programs,L&S Computer Science,L&S Computer Science
2014-15,2014 D,Fall,Bachelor,L&S Computer Science,International,International,Female,2,2,Clg of Letters & Science,L&S Administered Programs,L&S Computer Science,L&S Computer Science
2014-15,2014 D,Fall,Bachelor,L&S Computer Science,International,International,Male,15,11.6666666666667,Clg of Letters & Science,L&S Administered Programs,L&S Computer Science,L&S Computer Science
2014-15,2014 D,Fall,Bachelor,L&S Computer Science,Native American/Alaska Native,Native American/Alaska Native,Male,1,1,Clg of Letters & Science,L&S Administered Programs,L&S Computer Science,L&S Computer Science
2014-15,2014 D,Fall,Bachelor,L&S Computer Science,White,White,Female,3,2.5,Clg of Letters & Science,L&S Administered Programs,L&S Computer Science,L&S Computer Science
2014-15,2014 D,Fall,Bachelor,L&S Computer Science,White,White,Male,15,11,Clg of Letters & Science,L&S Administered Programs,L&S Computer Science,L&S Computer Science
2014-15,2015 B,Spring,Bachelor,L&S Computer Science,African American,African American/Black,Female,1,1,Clg of Letters & Science,L&S Administered Programs,L&S Computer Science,L&S Computer Science
2014-15,2015 B,Spring,Bachelor,L&S Computer Science,African American,African American/Black,Male,2,1.5,Clg of Letters & Science,L&S Administered Programs,L&S Computer Science,L&S Computer Science
2014-15,2015 B,Spring,Bachelor,L&S Computer Science,Asian,Chinese,Female,20,18,Clg of Letters & Science,L&S Administered Programs,L&S Computer Science,L&S Computer Science
2014-15,2015 B,Spring,Bachelor,L&S Computer Science,Asian,Chinese,Male,54,45.8333333333333,Clg of Letters & Science,L&S Administered Programs,L&S Computer Science,L&S Computer Science
2014-15,2015 B,Spring,Bachelor,L&S Computer Science,Asian,Filipino,Female,3,2.5,Clg of Letters & Science,L&S Administered Programs,L&S Computer Science,L&S Computer Science
2014-15,2015 B,Spring,Bachelor,L&S Computer Science,Asian,Filipino,Male,4,3.5,Clg of Letters & Science,L&S Administered Programs,L&S Computer Science,L&S Computer Science
2014-15,2015 B,Spring,Bachelor,L&S Computer Science,Asian,Japanese,Female,1,0.5,Clg of Letters & Science,L&S Administered Programs,L&S Computer Science,L&S Computer Science
2014-15,2015 B,Spring,Bachelor,L&S Computer Science,Asian,Japanese,Male,1,0.5,Clg of Letters & Science,L&S Administered Programs,L&S Computer Science,L&S Computer Science
2014-15,2015 B,Spring,Bachelor,L&S Computer Science,Asian,Korean,Female,1,1,Clg of Letters & Science,L&S Administered Programs,L&S Computer Science,L&S Computer Science
2014-15,2015 B,Spring,Bachelor,L&S Computer Science,Asian,Korean,Male,14,14,Clg of Letters & Science,L&S Administered Programs,L&S Computer Science,L&S Computer Science
2014-15,2015 B,Spring,Bachelor,L&S Computer Science,Asian,Other Asian,Female,1,1,Clg of Letters & Science,L&S Administered Programs,L&S Computer Science,L&S Computer Science
2014-15,2015 B,Spring,Bachelor,L&S Computer Science,Asian,Other Asian,Male,4,3.5,Clg of Letters & Science,L&S Administered Programs,L&S Computer Science,L&S Computer Science
2014-15,2015 B,Spring,Bachelor,L&S Computer Science,Asian,South Asian,Female,6,4.5,Clg of Letters & Science,L&S Administered Programs,L&S Computer Science,L&S Computer Science
2014-15,2015 B,Spring,Bachelor,L&S Computer Science,Asian,South Asian,Male,7,6.5,Clg of Letters & Science,L&S Administered Programs,L&S Computer Science,L&S Computer Science
2014-15,2015 B,Spring,Bachelor,L&S Computer Science,Asian,Vietnamese,Female,3,3,Clg of Letters & Science,L&S Administered Programs,L&S Computer Science,L&S Computer Science
2014-15,2015 B,Spring,Bachelor,L&S Computer Science,Asian,Vietnamese,Male,9,8.5,Clg of Letters & Science,L&S Administered Programs,L&S Computer Science,L&S Computer Science
2014-15,2015 B,Spring,Bachelor,L&S Computer Science,Chicano/Latino,Mexican American/Chicano,Female,3,2.5,Clg of Letters & Science,L&S Administered Programs,L&S Computer Science,L&S Computer Science
2014-15,2015 B,Spring,Bachelor,L&S Computer Science,Chicano/Latino,Mexican American/Chicano,Male,5,4.5,Clg of Letters & Science,L&S Administered Programs,L&S Computer Science,L&S Computer Science
2014-15,2015 B,Spring,Bachelor,L&S Computer Science,Chicano/Latino,Other Hispanic/Latino,Male,4,4,Clg of Letters & Science,L&S Administered Programs,L&S Computer Science,L&S Computer Science
2014-15,2015 B,Spring,Bachelor,L&S Computer Science,Decline to State,Decline to State,Female,2,2,Clg of Letters & Science,L&S Administered Programs,L&S Computer Science,L&S Computer Science
2014-15,2015 B,Spring,Bachelor,L&S Computer Science,Decline to State,Decline to State,Male,7,7,Clg of Letters & Science,L&S Administered Programs,L&S Computer Science,L&S Computer Science
2014-15,2015 B,Spring,Bachelor,L&S Computer Science,International,International,Female,7,5.33333333333333,Clg of Letters & Science,L&S Administered Programs,L&S Computer Science,L&S Computer Science
2014-15,2015 B,Spring,Bachelor,L&S Computer Science,International,International,Male,18,14.8333333333333,Clg of Letters & Science,L&S Administered Programs,L&S Computer Science,L&S Computer Science
2014-15,2015 B,Spring,Bachelor,L&S Computer Science,Native American/Alaska Native,Native American/Alaska Native,Male,2,1.5,Clg of Letters & Science,L&S Administered Programs,L&S Computer Science,L&S Computer Science
2014-15,2015 B,Spring,Bachelor,L&S Computer Science,White,White,Female,12,9.33333333333333,Clg of Letters & Science,L&S Administered Programs,L&S Computer Science,L&S Computer Science
2014-15,2015 B,Spring,Bachelor,L&S Computer Science,White,White,Male,39,33.3333333333333,Clg of Letters & Science,L&S Administered Programs,L&S Computer Science,L&S Computer Science
2015-16,2015 C,Summer,Bachelor,L&S Computer Science,African American,African American/Black,Male,1,1,Clg of Letters & Science,L&S Administered Programs,L&S Computer Science,L&S Computer Science
2015-16,2015 C,Summer,Bachelor,L&S Computer Science,Asian,Chinese,Female,5,5,Clg of Letters & Science,L&S Administered Programs,L&S Computer Science,L&S Computer Science
2015-16,2015 C,Summer,Bachelor,L&S Computer Science,Asian,Chinese,Male,7,6,Clg of Letters & Science,L&S Administered Programs,L&S Computer Science,L&S Computer Science
2015-16,2015 C,Summer,Bachelor,L&S Computer Science,Asian,Filipino,Male,1,1,Clg of Letters & Science,L&S Administered Programs,L&S Computer Science,L&S Computer Science
2015-16,2015 C,Summer,Bachelor,L&S Computer Science,Asian,Japanese,Male,1,1,Clg of Letters & Science,L&S Administered Programs,L&S Computer Science,L&S Computer Science
2015-16,2015 C,Summer,Bachelor,L&S Computer Science,Asian,Korean,Female,2,1.5,Clg of Letters & Science,L&S Administered Programs,L&S Computer Science,L&S Computer Science
2015-16,2015 C,Summer,Bachelor,L&S Computer Science,Asian,Korean,Male,1,1,Clg of Letters & Science,L&S Administered Programs,L&S Computer Science,L&S Computer Science
2015-16,2015 C,Summer,Bachelor,L&S Computer Science,Asian,South Asian,Male,2,2,Clg of Letters & Science,L&S Administered Programs,L&S Computer Science,L&S Computer Science
2015-16,2015 C,Summer,Bachelor,L&S Computer Science,Chicano/Latino,Mexican American/Chicano,Male,1,1,Clg of Letters & Science,L&S Administered Programs,L&S Computer Science,L&S Computer Science
2015-16,2015 C,Summer,Bachelor,L&S Computer Science,International,International,Female,2,1.5,Clg of Letters & Science,L&S Administered Programs,L&S Computer Science,L&S Computer Science
2015-16,2015 C,Summer,Bachelor,L&S Computer Science,International,International,Male,2,2,Clg of Letters & Science,L&S Administered Programs,L&S Computer Science,L&S Computer Science
2015-16,2015 C,Summer,Bachelor,L&S Computer Science,White,White,Male,2,2,Clg of Letters & Science,L&S Administered Programs,L&S Computer Science,L&S Computer Science
2015-16,2015 D,Fall,Bachelor,L&S Computer Science,African American,African American/Black,Male,1,0.5,Clg of Letters & Science,L&S Administered Programs,L&S Computer Science,L&S Computer Science
2015-16,2015 D,Fall,Bachelor,L&S Computer Science,Asian,Chinese,Female,15,12.5,Clg of Letters & Science,L&S Administered Programs,L&S Computer Science,L&S Computer Science
2015-16,2015 D,Fall,Bachelor,L&S Computer Science,Asian,Chinese,Male,21,17.5,Clg of Letters & Science,L&S Administered Programs,L&S Computer Science,L&S Computer Science
2015-16,2015 D,Fall,Bachelor,L&S Computer Science,Asian,Filipino,Female,1,1,Clg of Letters & Science,L&S Administered Programs,L&S Computer Science,L&S Computer Science
2015-16,2015 D,Fall,Bachelor,L&S Computer Science,Asian,Filipino,Male,2,2,Clg of Letters & Science,L&S Administered Programs,L&S Computer Science,L&S Computer Science
2015-16,2015 D,Fall,Bachelor,L&S Computer Science,Asian,Japanese,Female,3,3,Clg of Letters & Science,L&S Administered Programs,L&S Computer Science,L&S Computer Science
2015-16,2015 D,Fall,Bachelor,L&S Computer Science,Asian,Korean,Female,1,1,Clg of Letters & Science,L&S Administered Programs,L&S Computer Science,L&S Computer Science
2015-16,2015 D,Fall,Bachelor,L&S Computer Science,Asian,Korean,Male,2,2,Clg of Letters & Science,L&S Administered Programs,L&S Computer Science,L&S Computer Science
2015-16,2015 D,Fall,Bachelor,L&S Computer Science,Asian,Other Asian,Female,1,1,Clg of Letters & Science,L&S Administered Programs,L&S Computer Science,L&S Computer Science
2015-16,2015 D,Fall,Bachelor,L&S Computer Science,Asian,Other Asian,Male,2,2,Clg of Letters & Science,L&S Administered Programs,L&S Computer Science,L&S Computer Science
2015-16,2015 D,Fall,Bachelor,L&S Computer Science,Asian,South Asian,Female,1,1,Clg of Letters & Science,L&S Administered Programs,L&S Computer Science,L&S Computer Science
2015-16,2015 D,Fall,Bachelor,L&S Computer Science,Asian,South Asian,Male,7,5.5,Clg of Letters & Science,L&S Administered Programs,L&S Computer Science,L&S Computer Science
2015-16,2015 D,Fall,Bachelor,L&S Computer Science,Asian,Vietnamese,Female,2,2,Clg of Letters & Science,L&S Administered Programs,L&S Computer Science,L&S Computer Science
2015-16,2015 D,Fall,Bachelor,L&S Computer Science,Asian,Vietnamese,Male,3,3,Clg of Letters & Science,L&S Administered Programs,L&S Computer Science,L&S Computer Science
2015-16,2015 D,Fall,Bachelor,L&S Computer Science,Chicano/Latino,Mexican American/Chicano,Male,3,3,Clg of Letters & Science,L&S Administered Programs,L&S Computer Science,L&S Computer Science
2015-16,2015 D,Fall,Bachelor,L&S Computer Science,Chicano/Latino,Other Hispanic/Latino,Female,1,0.5,Clg of Letters & Science,L&S Administered Programs,L&S Computer Science,L&S Computer Science
2015-16,2015 D,Fall,Bachelor,L&S Computer Science,Decline to State,Decline to State,Male,4,3.5,Clg of Letters & Science,L&S Administered Programs,L&S Computer Science,L&S Computer Science
2015-16,2015 D,Fall,Bachelor,L&S Computer Science,International,International,Female,7,5.5,Clg of Letters & Science,L&S Administered Programs,L&S Computer Science,L&S Computer Science
2015-16,2015 D,Fall,Bachelor,L&S Computer Science,International,International,Male,12,9.66666666666667,Clg of Letters & Science,L&S Administered Programs,L&S Computer Science,L&S Computer Science
2015-16,2015 D,Fall,Bachelor,L&S Computer Science,White,White,Female,3,3,Clg of Letters & Science,L&S Administered Programs,L&S Computer Science,L&S Computer Science
2015-16,2015 D,Fall,Bachelor,L&S Computer Science,White,White,Male,20,17,Clg of Letters & Science,L&S Administered Programs,L&S Computer Science,L&S Computer Science
2015-16,2016 B,Spring,Bachelor,L&S Computer Science,Asian,Chinese,Female,31,26,Clg of Letters & Science,L&S Administered Programs,L&S Computer Science,L&S Computer Science
2015-16,2016 B,Spring,Bachelor,L&S Computer Science,Asian,Chinese,Male,70,62.3333333333333,Clg of Letters & Science,L&S Administered Programs,L&S Computer Science,L&S Computer Science
2015-16,2016 B,Spring,Bachelor,L&S Computer Science,Asian,Filipino,Female,1,1,Clg of Letters & Science,L&S Administered Programs,L&S Computer Science,L&S Computer Science
2015-16,2016 B,Spring,Bachelor,L&S Computer Science,Asian,Filipino,Male,6,5,Clg of Letters & Science,L&S Administered Programs,L&S Computer Science,L&S Computer Science
2015-16,2016 B,Spring,Bachelor,L&S Computer Science,Asian,Japanese,Male,3,3,Clg of Letters & Science,L&S Administered Programs,L&S Computer Science,L&S Computer Science
2015-16,2016 B,Spring,Bachelor,L&S Computer Science,Asian,Korean,Female,5,4.5,Clg of Letters & Science,L&S Administered Programs,L&S Computer Science,L&S Computer Science
2015-16,2016 B,Spring,Bachelor,L&S Computer Science,Asian,Korean,Male,6,6,Clg of Letters & Science,L&S Administered Programs,L&S Computer Science,L&S Computer Science
2015-16,2016 B,Spring,Bachelor,L&S Computer Science,Asian,Other Asian,Female,3,2.5,Clg of Letters & Science,L&S Administered Programs,L&S Computer Science,L&S Computer Science
2015-16,2016 B,Spring,Bachelor,L&S Computer Science,Asian,Other Asian,Male,2,2,Clg of Letters & Science,L&S Administered Programs,L&S Computer Science,L&S Computer Science
2015-16,2016 B,Spring,Bachelor,L&S Computer Science,Asian,South Asian,Female,11,9.5,Clg of Letters & Science,L&S Administered Programs,L&S Computer Science,L&S Computer Science
2015-16,2016 B,Spring,Bachelor,L&S Computer Science,Asian,South Asian,Male,23,20.3333333333333,Clg of Letters & Science,L&S Administered Programs,L&S Computer Science,L&S Computer Science
2015-16,2016 B,Spring,Bachelor,L&S Computer Science,Asian,Vietnamese,Female,3,3,Clg of Letters & Science,L&S Administered Programs,L&S Computer Science,L&S Computer Science
2015-16,2016 B,Spring,Bachelor,L&S Computer Science,Asian,Vietnamese,Male,8,8,Clg of Letters & Science,L&S Administered Programs,L&S Computer Science,L&S Computer Science
2015-16,2016 B,Spring,Bachelor,L&S Computer Science,Chicano/Latino,Mexican American/Chicano,Female,1,0.5,Clg of Letters & Science,L&S Administered Programs,L&S Computer Science,L&S Computer Science
2015-16,2016 B,Spring,Bachelor,L&S Computer Science,Chicano/Latino,Mexican American/Chicano,Male,4,3.5,Clg of Letters & Science,L&S Administered Programs,L&S Computer Science,L&S Computer Science
2015-16,2016 B,Spring,Bachelor,L&S Computer Science,Chicano/Latino,Other Hispanic/Latino,Female,2,1.5,Clg of Letters & Science,L&S Administered Programs,L&S Computer Science,L&S Computer Science
2015-16,2016 B,Spring,Bachelor,L&S Computer Science,Chicano/Latino,Other Hispanic/Latino,Male,1,1,Clg of Letters & Science,L&S Administered Programs,L&S Computer Science,L&S Computer Science
2015-16,2016 B,Spring,Bachelor,L&S Computer Science,Decline to State,Decline to State,Female,2,2,Clg of Letters & Science,L&S Administered Programs,L&S Computer Science,L&S Computer Science
2015-16,2016 B,Spring,Bachelor,L&S Computer Science,Decline to State,Decline to State,Male,7,6.5,Clg of Letters & Science,L&S Administered Programs,L&S Computer Science,L&S Computer Science
2015-16,2016 B,Spring,Bachelor,L&S Computer Science,International,International,Female,12,10.3333333333333,Clg of Letters & Science,L&S Administered Programs,L&S Computer Science,L&S Computer Science
2015-16,2016 B,Spring,Bachelor,L&S Computer Science,International,International,Male,38,32.1666666666667,Clg of Letters & Science,L&S Administered Programs,L&S Computer Science,L&S Computer Science
2015-16,2016 B,Spring,Bachelor,L&S Computer Science,White,White,Female,5,3,Clg of Letters & Science,L&S Administered Programs,L&S Computer Science,L&S Computer Science
2015-16,2016 B,Spring,Bachelor,L&S Computer Science,White,White,Male,39,34.3333333333333,Clg of Letters & Science,L&S Administered Programs,L&S Computer Science,L&S Computer Science
2016-17,2016 C,Summer,Bachelor,L&S Computer Science,Asian,Chinese,Female,3,2.5,Clg of Letters & Science,L&S Administered Programs,L&S Computer Science,L&S Computer Science
2016-17,2016 C,Summer,Bachelor,L&S Computer Science,Asian,Chinese,Male,5,4.5,Clg of Letters & Science,L&S Administered Programs,L&S Computer Science,L&S Computer Science
2016-17,2016 C,Summer,Bachelor,L&S Computer Science,Asian,Filipino,Male,1,0.5,Clg of Letters & Science,L&S Administered Programs,L&S Computer Science,L&S Computer Science
2016-17,2016 C,Summer,Bachelor,L&S Computer Science,Asian,Japanese,Female,1,1,Clg of Letters & Science,L&S Administered Programs,L&S Computer Science,L&S Computer Science
2016-17,2016 C,Summer,Bachelor,L&S Computer Science,Asian,Korean,Male,1,1,Clg of Letters & Science,L&S Administered Programs,L&S Computer Science,L&S Computer Science
2016-17,2016 C,Summer,Bachelor,L&S Computer Science,Asian,South Asian,Female,1,1,Clg of Letters & Science,L&S Administered Programs,L&S Computer Science,L&S Computer Science
2016-17,2016 C,Summer,Bachelor,L&S Computer Science,Asian,South Asian,Male,2,1.5,Clg of Letters & Science,L&S Administered Programs,L&S Computer Science,L&S Computer Science
2016-17,2016 C,Summer,Bachelor,L&S Computer Science,Decline to State,Decline to State,Female,1,1,Clg of Letters & Science,L&S Administered Programs,L&S Computer Science,L&S Computer Science
2016-17,2016 C,Summer,Bachelor,L&S Computer Science,Decline to State,Decline to State,Male,3,2.5,Clg of Letters & Science,L&S Administered Programs,L&S Computer Science,L&S Computer Science
2016-17,2016 C,Summer,Bachelor,L&S Computer Science,International,International,Female,4,2.33333333333333,Clg of Letters & Science,L&S Administered Programs,L&S Computer Science,L&S Computer Science
2016-17,2016 C,Summer,Bachelor,L&S Computer Science,International,International,Male,5,4.5,Clg of Letters & Science,L&S Administered Programs,L&S Computer Science,L&S Computer Science
2016-17,2016 C,Summer,Bachelor,L&S Computer Science,White,White,Female,1,1,Clg of Letters & Science,L&S Administered Programs,L&S Computer Science,L&S Computer Science
2016-17,2016 C,Summer,Bachelor,L&S Computer Science,White,White,Male,5,4.5,Clg of Letters & Science,L&S Administered Programs,L&S Computer Science,L&S Computer Science
2016-17,2016 D,Fall,Bachelor,L&S Computer Science,Asian,Chinese,Female,9,7,Clg of Letters & Science,L&S Administered Programs,L&S Computer Science,L&S Computer Science
2016-17,2016 D,Fall,Bachelor,L&S Computer Science,Asian,Chinese,Male,28,23.6666666666667,Clg of Letters & Science,L&S Administered Programs,L&S Computer Science,L&S Computer Science
2016-17,2016 D,Fall,Bachelor,L&S Computer Science,Asian,Japanese,Male,4,3,Clg of Letters & Science,L&S Administered Programs,L&S Computer Science,L&S Computer Science
2016-17,2016 D,Fall,Bachelor,L&S Computer Science,Asian,Korean,Female,1,1,Clg of Letters & Science,L&S Administered Programs,L&S Computer Science,L&S Computer Science
2016-17,2016 D,Fall,Bachelor,L&S Computer Science,Asian,Korean,Male,6,5.5,Clg of Letters & Science,L&S Administered Programs,L&S Computer Science,L&S Computer Science
2016-17,2016 D,Fall,Bachelor,L&S Computer Science,Asian,Other Asian,Male,1,1,Clg of Letters & Science,L&S Administered Programs,L&S Computer Science,L&S Computer Science
2016-17,2016 D,Fall,Bachelor,L&S Computer Science,Asian,South Asian,Female,2,1.5,Clg of Letters & Science,L&S Administered Programs,L&S Computer Science,L&S Computer Science
2016-17,2016 D,Fall,Bachelor,L&S Computer Science,Asian,South Asian,Male,14,11.8333333333333,Clg of Letters & Science,L&S Administered Programs,L&S Computer Science,L&S Computer Science
2016-17,2016 D,Fall,Bachelor,L&S Computer Science,Asian,Vietnamese,Female,3,2.5,Clg of Letters & Science,L&S Administered Programs,L&S Computer Science,L&S Computer Science
2016-17,2016 D,Fall,Bachelor,L&S Computer Science,Asian,Vietnamese,Male,2,2,Clg of Letters & Science,L&S Administered Programs,L&S Computer Science,L&S Computer Science
2016-17,2016 D,Fall,Bachelor,L&S Computer Science,Chicano/Latino,Mexican American/Chicano,Male,1,1,Clg of Letters & Science,L&S Administered Programs,L&S Computer Science,L&S Computer Science
2016-17,2016 D,Fall,Bachelor,L&S Computer Science,Decline to State,Decline to State,Female,1,0.5,Clg of Letters & Science,L&S Administered Programs,L&S Computer Science,L&S Computer Science
2016-17,2016 D,Fall,Bachelor,L&S Computer Science,Decline to State,Decline to State,Male,2,2,Clg of Letters & Science,L&S Administered Programs,L&S Computer Science,L&S Computer Science
2016-17,2016 D,Fall,Bachelor,L&S Computer Science,International,International,Female,7,6.5,Clg of Letters & Science,L&S Administered Programs,L&S Computer Science,L&S Computer Science
2016-17,2016 D,Fall,Bachelor,L&S Computer Science,International,International,Male,18,14.3333333333333,Clg of Letters & Science,L&S Administered Programs,L&S Computer Science,L&S Computer Science
2016-17,2016 D,Fall,Bachelor,L&S Computer Science,White,White,Female,8,5.5,Clg of Letters & Science,L&S Administered Programs,L&S Computer Science,L&S Computer Science
2016-17,2016 D,Fall,Bachelor,L&S Computer Science,White,White,Male,24,20,Clg of Letters & Science,L&S Administered Programs,L&S Computer Science,L&S Computer Science
2016-17,2017 B,Spring,Bachelor,L&S Computer Science,African American,African American/Black,Male,2,2,Clg of Letters & Science,L&S Administered Programs,L&S Computer Science,L&S Computer Science
2016-17,2017 B,Spring,Bachelor,L&S Computer Science,Asian,Chinese,Female,40,35.8333333333333,Clg of Letters & Science,L&S Administered Programs,L&S Computer Science,L&S Computer Science
2016-17,2017 B,Spring,Bachelor,L&S Computer Science,Asian,Chinese,Male,87,78.6666666666667,Clg of Letters & Science,L&S Administered Programs,L&S Computer Science,L&S Computer Science
2016-17,2017 B,Spring,Bachelor,L&S Computer Science,Asian,Filipino,Female,2,2,Clg of Letters & Science,L&S Administered Programs,L&S Computer Science,L&S Computer Science
2016-17,2017 B,Spring,Bachelor,L&S Computer Science,Asian,Filipino,Male,6,6,Clg of Letters & Science,L&S Administered Programs,L&S Computer Science,L&S Computer Science
2016-17,2017 B,Spring,Bachelor,L&S Computer Science,Asian,Japanese,Male,5,3.5,Clg of Letters & Science,L&S Administered Programs,L&S Computer Science,L&S Computer Science
2016-17,2017 B,Spring,Bachelor,L&S Computer Science,Asian,Korean,Female,3,3,Clg of Letters & Science,L&S Administered Programs,L&S Computer Science,L&S Computer Science
2016-17,2017 B,Spring,Bachelor,L&S Computer Science,Asian,Korean,Male,12,10.5,Clg of Letters & Science,L&S Administered Programs,L&S Computer Science,L&S Computer Science
2016-17,2017 B,Spring,Bachelor,L&S Computer Science,Asian,Other Asian,Female,1,1,Clg of Letters & Science,L&S Administered Programs,L&S Computer Science,L&S Computer Science
2016-17,2017 B,Spring,Bachelor,L&S Computer Science,Asian,Other Asian,Male,2,2,Clg of Letters & Science,L&S Administered Programs,L&S Computer Science,L&S Computer Science
2016-17,2017 B,Spring,Bachelor,L&S Computer Science,Asian,South Asian,Female,12,10.5,Clg of Letters & Science,L&S Administered Programs,L&S Computer Science,L&S Computer Science
2016-17,2017 B,Spring,Bachelor,L&S Computer Science,Asian,South Asian,Male,32,27.5,Clg of Letters & Science,L&S Administered Programs,L&S Computer Science,L&S Computer Science
2016-17,2017 B,Spring,Bachelor,L&S Computer Science,Asian,Vietnamese,Female,3,3,Clg of Letters & Science,L&S Administered Programs,L&S Computer Science,L&S Computer Science
2016-17,2017 B,Spring,Bachelor,L&S Computer Science,Asian,Vietnamese,Male,10,8.33333333333333,Clg of Letters & Science,L&S Administered Programs,L&S Computer Science,L&S Computer Science
2016-17,2017 B,Spring,Bachelor,L&S Computer Science,Chicano/Latino,Mexican American/Chicano,Female,2,2,Clg of Letters & Science,L&S Administered Programs,L&S Computer Science,L&S Computer Science
2016-17,2017 B,Spring,Bachelor,L&S Computer Science,Chicano/Latino,Mexican American/Chicano,Male,6,5.5,Clg of Letters & Science,L&S Administered Programs,L&S Computer Science,L&S Computer Science
2016-17,2017 B,Spring,Bachelor,L&S Computer Science,Chicano/Latino,Other Hispanic/Latino,Female,2,1,Clg of Letters & Science,L&S Administered Programs,L&S Computer Science,L&S Computer Science
2016-17,2017 B,Spring,Bachelor,L&S Computer Science,Chicano/Latino,Other Hispanic/Latino,Male,3,3,Clg of Letters & Science,L&S Administered Programs,L&S Computer Science,L&S Computer Science
2016-17,2017 B,Spring,Bachelor,L&S Computer Science,Decline to State,Decline to State,Female,6,4.5,Clg of Letters & Science,L&S Administered Programs,L&S Computer Science,L&S Computer Science
2016-17,2017 B,Spring,Bachelor,L&S Computer Science,Decline to State,Decline to State,Male,15,13.8333333333333,Clg of Letters & Science,L&S Administered Programs,L&S Computer Science,L&S Computer Science
2016-17,2017 B,Spring,Bachelor,L&S Computer Science,International,International,Female,20,14.5,Clg of Letters & Science,L&S Administered Programs,L&S Computer Science,L&S Computer Science
2016-17,2017 B,Spring,Bachelor,L&S Computer Science,International,International,Male,50,39.1666666666667,Clg of Letters & Science,L&S Administered Programs,L&S Computer Science,L&S Computer Science
2016-17,2017 B,Spring,Bachelor,L&S Computer Science,Native American/Alaska Native,Native American/Alaska Native,Male,2,2,Clg of Letters & Science,L&S Administered Programs,L&S Computer Science,L&S Computer Science
2016-17,2017 B,Spring,Bachelor,L&S Computer Science,White,White,Female,13,9,Clg of Letters & Science,L&S Administered Programs,L&S Computer Science,L&S Computer Science
2016-17,2017 B,Spring,Bachelor,L&S Computer Science,White,White,Male,57,47.3333333333333,Clg of Letters & Science,L&S Administered Programs,L&S Computer Science,L&S Computer Science
2017-18,2017 C,Summer,Bachelor,L&S Computer Science,Asian,Chinese,Female,5,3.5,Clg of Letters & Science,L&S Administered Programs,L&S Computer Science,L&S Computer Science
2017-18,2017 C,Summer,Bachelor,L&S Computer Science,Asian,Chinese,Male,9,7.83333333333333,Clg of Letters & Science,L&S Administered Programs,L&S Computer Science,L&S Computer Science
2017-18,2017 C,Summer,Bachelor,L&S Computer Science,Asian,Korean,Male,1,0.5,Clg of Letters & Science,L&S Administered Programs,L&S Computer Science,L&S Computer Science
2017-18,2017 C,Summer,Bachelor,L&S Computer Science,Asian,Other Asian,Female,1,1,Clg of Letters & Science,L&S Administered Programs,L&S Computer Science,L&S Computer Science
2017-18,2017 C,Summer,Bachelor,L&S Computer Science,Asian,South Asian,Male,3,2.5,Clg of Letters & Science,L&S Administered Programs,L&S Computer Science,L&S Computer Science
2017-18,2017 C,Summer,Bachelor,L&S Computer Science,Asian,Vietnamese,Male,1,0.5,Clg of Letters & Science,L&S Administered Programs,L&S Computer Science,L&S Computer Science
2017-18,2017 C,Summer,Bachelor,L&S Computer Science,Chicano/Latino,Other Hispanic/Latino,Female,2,1.5,Clg of Letters & Science,L&S Administered Programs,L&S Computer Science,L&S Computer Science
2017-18,2017 C,Summer,Bachelor,L&S Computer Science,Chicano/Latino,Other Hispanic/Latino,Male,3,2.5,Clg of Letters & Science,L&S Administered Programs,L&S Computer Science,L&S Computer Science
2017-18,2017 C,Summer,Bachelor,L&S Computer Science,Decline to State,Decline to State,Female,1,1,Clg of Letters & Science,L&S Administered Programs,L&S Computer Science,L&S Computer Science
2017-18,2017 C,Summer,Bachelor,L&S Computer Science,International,International,Female,2,1.5,Clg of Letters & Science,L&S Administered Programs,L&S Computer Science,L&S Computer Science
2017-18,2017 C,Summer,Bachelor,L&S Computer Science,International,International,Male,10,7.66666666666667,Clg of Letters & Science,L&S Administered Programs,L&S Computer Science,L&S Computer Science
2017-18,2017 C,Summer,Bachelor,L&S Computer Science,White,White,Female,3,1.83333333333333,Clg of Letters & Science,L&S Administered Programs,L&S Computer Science,L&S Computer Science
2017-18,2017 C,Summer,Bachelor,L&S Computer Science,White,White,Male,7,5.5,Clg of Letters & Science,L&S Administered Programs,L&S Computer Science,L&S Computer Science
2017-18,2017 D,Fall,Bachelor,L&S Computer Science,Asian,Chinese,Female,8,6.5,Clg of Letters & Science,L&S Administered Programs,L&S Computer Science,L&S Computer Science
2017-18,2017 D,Fall,Bachelor,L&S Computer Science,Asian,Chinese,Male,27,24.3333333333333,Clg of Letters & Science,L&S Administered Programs,L&S Computer Science,L&S Computer Science
2017-18,2017 D,Fall,Bachelor,L&S Computer Science,Asian,Filipino,Male,1,1,Clg of Letters & Science,L&S Administered Programs,L&S Computer Science,L&S Computer Science
2017-18,2017 D,Fall,Bachelor,L&S Computer Science,Asian,Japanese,Male,1,1,Clg of Letters & Science,L&S Administered Programs,L&S Computer Science,L&S Computer Science
2017-18,2017 D,Fall,Bachelor,L&S Computer Science,Asian,Korean,Female,3,3,Clg of Letters & Science,L&S Administered Programs,L&S Computer Science,L&S Computer Science
2017-18,2017 D,Fall,Bachelor,L&S Computer Science,Asian,Korean,Male,8,6.5,Clg of Letters & Science,L&S Administered Programs,L&S Computer Science,L&S Computer Science
2017-18,2017 D,Fall,Bachelor,L&S Computer Science,Asian,South Asian,Female,8,6.5,Clg of Letters & Science,L&S Administered Programs,L&S Computer Science,L&S Computer Science
2017-18,2017 D,Fall,Bachelor,L&S Computer Science,Asian,South Asian,Male,9,8,Clg of Letters & Science,L&S Administered Programs,L&S Computer Science,L&S Computer Science
2017-18,2017 D,Fall,Bachelor,L&S Computer Science,Asian,Vietnamese,Female,2,2,Clg of Letters & Science,L&S Administered Programs,L&S Computer Science,L&S Computer Science
2017-18,2017 D,Fall,Bachelor,L&S Computer Science,Asian,Vietnamese,Male,7,6.5,Clg of Letters & Science,L&S Administered Programs,L&S Computer Science,L&S Computer Science
2017-18,2017 D,Fall,Bachelor,L&S Computer Science,Chicano/Latino,Mexican American/Chicano,Male,2,1.5,Clg of Letters & Science,L&S Administered Programs,L&S Computer Science,L&S Computer Science
2017-18,2017 D,Fall,Bachelor,L&S Computer Science,Chicano/Latino,Other Hispanic/Latino,Male,1,1,Clg of Letters & Science,L&S Administered Programs,L&S Computer Science,L&S Computer Science
2017-18,2017 D,Fall,Bachelor,L&S Computer Science,Decline to State,Decline to State,Female,3,3,Clg of Letters & Science,L&S Administered Programs,L&S Computer Science,L&S Computer Science
2017-18,2017 D,Fall,Bachelor,L&S Computer Science,Decline to State,Decline to State,Male,4,3,Clg of Letters & Science,L&S Administered Programs,L&S Computer Science,L&S Computer Science
2017-18,2017 D,Fall,Bachelor,L&S Computer Science,International,International,Female,13,10.5,Clg of Letters & Science,L&S Administered Programs,L&S Computer Science,L&S Computer Science
2017-18,2017 D,Fall,Bachelor,L&S Computer Science,International,International,Male,20,16.3333333333333,Clg of Letters & Science,L&S Administered Programs,L&S Computer Science,L&S Computer Science
2017-18,2017 D,Fall,Bachelor,L&S Computer Science,White,White,Female,5,4.5,Clg of Letters & Science,L&S Administered Programs,L&S Computer Science,L&S Computer Science
2017-18,2017 D,Fall,Bachelor,L&S Computer Science,White,White,Male,21,17,Clg of Letters & Science,L&S Administered Programs,L&S Computer Science,L&S Computer Science
2017-18,2018 B,Spring,Bachelor,L&S Computer Science,African American,African American/Black,Male,2,1.33333333333333,Clg of Letters & Science,L&S Administered Programs,L&S Computer Science,L&S Computer Science
2017-18,2018 B,Spring,Bachelor,L&S Computer Science,Asian,Chinese,Decline to State,1,1,Clg of Letters & Science,L&S Administered Programs,L&S Computer Science,L&S Computer Science
2017-18,2018 B,Spring,Bachelor,L&S Computer Science,Asian,Chinese,Female,50,40,Clg of Letters & Science,L&S Administered Programs,L&S Computer Science,L&S Computer Science
2017-18,2018 B,Spring,Bachelor,L&S Computer Science,Asian,Chinese,Male,99,86.8333333333333,Clg of Letters & Science,L&S Administered Programs,L&S Computer Science,L&S Computer Science
2017-18,2018 B,Spring,Bachelor,L&S Computer Science,Asian,Filipino,Female,4,4,Clg of Letters & Science,L&S Administered Programs,L&S Computer Science,L&S Computer Science
2017-18,2018 B,Spring,Bachelor,L&S Computer Science,Asian,Filipino,Male,3,3,Clg of Letters & Science,L&S Administered Programs,L&S Computer Science,L&S Computer Science
2017-18,2018 B,Spring,Bachelor,L&S Computer Science,Asian,Japanese,Female,2,1.5,Clg of Letters & Science,L&S Administered Programs,L&S Computer Science,L&S Computer Science
2017-18,2018 B,Spring,Bachelor,L&S Computer Science,Asian,Korean,Female,5,4,Clg of Letters & Science,L&S Administered Programs,L&S Computer Science,L&S Computer Science
2017-18,2018 B,Spring,Bachelor,L&S Computer Science,Asian,Korean,Male,16,14,Clg of Letters & Science,L&S Administered Programs,L&S Computer Science,L&S Computer Science
2017-18,2018 B,Spring,Bachelor,L&S Computer Science,Asian,Other Asian,Male,3,2,Clg of Letters & Science,L&S Administered Programs,L&S Computer Science,L&S Computer Science
2017-18,2018 B,Spring,Bachelor,L&S Computer Science,Asian,South Asian,Female,10,8.5,Clg of Letters & Science,L&S Administered Programs,L&S Computer Science,L&S Computer Science
2017-18,2018 B,Spring,Bachelor,L&S Computer Science,Asian,South Asian,Male,47,38.1666666666667,Clg of Letters & Science,L&S Administered Programs,L&S Computer Science,L&S Computer Science
2017-18,2018 B,Spring,Bachelor,L&S Computer Science,Asian,Vietnamese,Female,5,4.5,Clg of Letters & Science,L&S Administered Programs,L&S Computer Science,L&S Computer Science
2017-18,2018 B,Spring,Bachelor,L&S Computer Science,Asian,Vietnamese,Male,11,11,Clg of Letters & Science,L&S Administered Programs,L&S Computer Science,L&S Computer Science
2017-18,2018 B,Spring,Bachelor,L&S Computer Science,Chicano/Latino,Mexican American/Chicano,Female,1,1,Clg of Letters & Science,L&S Administered Programs,L&S Computer Science,L&S Computer Science
2017-18,2018 B,Spring,Bachelor,L&S Computer Science,Chicano/Latino,Mexican American/Chicano,Male,2,1.5,Clg of Letters & Science,L&S Administered Programs,L&S Computer Science,L&S Computer Science
2017-18,2018 B,Spring,Bachelor,L&S Computer Science,Chicano/Latino,Other Hispanic/Latino,Male,2,2,Clg of Letters & Science,L&S Administered Programs,L&S Computer Science,L&S Computer Science
2017-18,2018 B,Spring,Bachelor,L&S Computer Science,Decline to State,Decline to State,Female,2,2,Clg of Letters & Science,L&S Administered Programs,L&S Computer Science,L&S Computer Science
2017-18,2018 B,Spring,Bachelor,L&S Computer Science,Decline to State,Decline to State,Male,17,14,Clg of Letters & Science,L&S Administered Programs,L&S Computer Science,L&S Computer Science
2017-18,2018 B,Spring,Bachelor,L&S Computer Science,International,International,Female,30,22.5,Clg of Letters & Science,L&S Administered Programs,L&S Computer Science,L&S Computer Science
2017-18,2018 B,Spring,Bachelor,L&S Computer Science,International,International,Male,42,34,Clg of Letters & Science,L&S Administered Programs,L&S Computer Science,L&S Computer Science
2017-18,2018 B,Spring,Bachelor,L&S Computer Science,Native American/Alaska Native,Native American/Alaska Native,Male,1,1,Clg of Letters & Science,L&S Administered Programs,L&S Computer Science,L&S Computer Science
2017-18,2018 B,Spring,Bachelor,L&S Computer Science,White,White,Female,16,12.5,Clg of Letters & Science,L&S Administered Programs,L&S Computer Science,L&S Computer Science
2017-18,2018 B,Spring,Bachelor,L&S Computer Science,White,White,Male,47,41,Clg of Letters & Science,L&S Administered Programs,L&S Computer Science,L&S Computer Science